algorithm_id,outer_fold_id,inner_fold_id,configuration_id,selection_seed,training_rows,validation_rows,mae,wall_clock_seconds,maximum_prediction_origin,maximum_target_dependency
causal_tcn,1,1,tcn_01,20260725,5248,5251,30.62319282426503,0.23434969100000558,10517,10518
causal_tcn,1,1,tcn_02,20260725,5248,5251,18.139746532908255,0.39126372900000206,10517,10518
causal_tcn,1,2,tcn_01,20260725,10499,5251,16.052826046306144,0.4187263489999964,15768,15769
causal_tcn,1,2,tcn_02,20260725,10499,5251,12.016656564559291,0.7618700880000091,15768,15769
causal_tcn,1,3,tcn_01,20260725,15750,5251,9.762879145131901,0.6289762159999981,21019,21020
causal_tcn,1,3,tcn_02,20260725,15750,5251,8.761549960504787,1.134955258000005,21019,21020
causal_tcn,2,1,tcn_01,20260725,5685,5689,30.02570701203645,0.22809762299999647,11392,11393
causal_tcn,2,1,tcn_02,20260725,5685,5689,17.85710962508311,0.40106208900002116,11392,11393
causal_tcn,2,2,tcn_01,20260725,11374,5689,12.443205412387355,0.44551488700000164,17081,17082
causal_tcn,2,2,tcn_02,20260725,11374,5689,10.85591512298069,0.7994484250000085,17081,17082
causal_tcn,2,3,tcn_01,20260725,17063,5689,9.965871838703913,0.6599648340000215,22770,22771
causal_tcn,2,3,tcn_02,20260725,17063,5689,9.26793445285762,1.194232808999999,22770,22771
causal_tcn,3,1,tcn_01,20260725,6125,6126,29.80272677369486,0.23460525999999504,12269,12270
causal_tcn,3,1,tcn_02,20260725,6125,6126,17.978477094004862,0.43720694999998955,12269,12270
causal_tcn,3,2,tcn_01,20260725,12251,6126,12.43980278672837,0.47803104400000507,18395,18396
causal_tcn,3,2,tcn_02,20260725,12251,6126,10.801051033568726,0.8611350949999803,18395,18396
causal_tcn,3,3,tcn_01,20260725,18377,6126,9.13965088784726,0.7180754089999937,24521,24522
causal_tcn,3,3,tcn_02,20260725,18377,6126,8.922692164175889,1.3094341209999811,24521,24522
causal_tcn,4,1,tcn_01,20260725,6562,6564,27.699213924018917,0.25799622299999214,13144,13145
causal_tcn,4,1,tcn_02,20260725,6562,6564,16.225187046715586,0.4642722350000099,13144,13145
causal_tcn,4,2,tcn_01,20260725,13126,6564,11.462588922269777,0.5045324390000019,19708,19709
causal_tcn,4,2,tcn_02,20260725,13126,6564,10.245506740252328,0.9143322449999971,19708,19709
causal_tcn,4,3,tcn_01,20260725,19690,6564,7.96681065132741,0.7932054970000024,26272,26273
causal_tcn,4,3,tcn_02,20260725,19690,6564,7.889438257411755,1.4424759860000052,26272,26273
gru_sequence,1,1,gru_01,20260725,5248,5251,16.06399776688647,0.334941446000002,10517,10518
gru_sequence,1,1,gru_02,20260725,5248,5251,14.269142811433166,0.6591516450000086,10517,10518
gru_sequence,1,2,gru_01,20260725,10499,5251,8.461216616154383,0.6455061720000117,15768,15769
gru_sequence,1,2,gru_02,20260725,10499,5251,8.865235570277758,1.2569125990000032,15768,15769
gru_sequence,1,3,gru_01,20260725,15750,5251,6.66847156461668,0.9796795649999979,21019,21020
gru_sequence,1,3,gru_02,20260725,15750,5251,7.020691942663669,1.8435577310000042,21019,21020
gru_sequence,2,1,gru_01,20260725,5685,5689,15.49948712304215,0.34085461999998756,11392,11393
gru_sequence,2,1,gru_02,20260725,5685,5689,13.707931571547018,0.668620997000005,11392,11393
gru_sequence,2,2,gru_01,20260725,11374,5689,7.70577374638452,0.6912948699999788,17081,17082
gru_sequence,2,2,gru_02,20260725,11374,5689,8.159686021024905,1.3273594120000212,17081,17082
gru_sequence,2,3,gru_01,20260725,17063,5689,7.036413304302148,1.0160973069999955,22770,22771
gru_sequence,2,3,gru_02,20260725,17063,5689,7.46687622947194,2.0015793020000103,22770,22771
gru_sequence,3,1,gru_01,20260725,6125,6126,15.911454004831073,0.3692974069999764,12269,12270
gru_sequence,3,1,gru_02,20260725,6125,6126,13.772135940270093,0.7112111799999923,12269,12270
gru_sequence,3,2,gru_01,20260725,12251,6126,7.71596383399274,0.7411685360000035,18395,18396
gru_sequence,3,2,gru_02,20260725,12251,6126,8.222886731959647,1.4199748660000182,18395,18396
gru_sequence,3,3,gru_01,20260725,18377,6126,6.748285265162544,1.1145092379999824,24521,24522
gru_sequence,3,3,gru_02,20260725,18377,6126,7.106530275850012,2.2739402020000057,24521,24522
gru_sequence,4,1,gru_01,20260725,6562,6564,13.822059726112446,0.4002452999999946,13144,13145
gru_sequence,4,1,gru_02,20260725,6562,6564,12.203787271110537,0.757471852000009,13144,13145
gru_sequence,4,2,gru_01,20260725,13126,6564,7.620711442207515,0.7890797569999961,19708,19709
gru_sequence,4,2,gru_02,20260725,13126,6564,7.993519478488425,1.5197110020000082,19708,19709
gru_sequence,4,3,gru_01,20260725,19690,6564,5.834022960985933,1.1821085830000015,26272,26273
gru_sequence,4,3,gru_02,20260725,19690,6564,6.04867368100494,2.331292095000009,26272,26273
residual_mlp,1,1,mlp_01,20260725,5248,5251,8.956670255984891,0.09966041600000608,10517,10518
residual_mlp,1,1,mlp_02,20260725,5248,5251,10.43378367450903,0.1820861500000035,10517,10518
residual_mlp,1,2,mlp_01,20260725,10499,5251,7.3119622395682145,0.18933241499999554,15768,15769
residual_mlp,1,2,mlp_02,20260725,10499,5251,7.675254930066808,0.36572990300000185,15768,15769
residual_mlp,1,3,mlp_01,20260725,15750,5251,6.262081083549517,0.2826704680000063,21019,21020
residual_mlp,1,3,mlp_02,20260725,15750,5251,6.343189608243245,0.5336011429999985,21019,21020
residual_mlp,2,1,mlp_01,20260725,5685,5689,9.06333084710456,0.09584528099998124,11392,11393
residual_mlp,2,1,mlp_02,20260725,5685,5689,10.266148770400022,0.18181108200002427,11392,11393
residual_mlp,2,2,mlp_01,20260725,11374,5689,6.877768401665403,0.19602027199999839,17081,17082
residual_mlp,2,2,mlp_02,20260725,11374,5689,7.128921074394866,0.37508277200001316,17081,17082
residual_mlp,2,3,mlp_01,20260725,17063,5689,6.665439902605533,0.31354209999997806,22770,22771
residual_mlp,2,3,mlp_02,20260725,17063,5689,6.7676338338015745,0.5898518030000162,22770,22771
residual_mlp,3,1,mlp_01,20260725,6125,6126,9.068808388300729,0.0997726359999831,12269,12270
residual_mlp,3,1,mlp_02,20260725,6125,6126,10.524824375536,0.19734052699999438,12269,12270
residual_mlp,3,2,mlp_01,20260725,12251,6126,6.913776388142308,0.20959538400001065,18395,18396
residual_mlp,3,2,mlp_02,20260725,12251,6126,7.095885445127034,0.39916352899999197,18395,18396
residual_mlp,3,3,mlp_01,20260725,18377,6126,6.479907772991819,0.3229436279999902,24521,24522
residual_mlp,3,3,mlp_02,20260725,18377,6126,6.428648318717994,0.6083415610000031,24521,24522
residual_mlp,4,1,mlp_01,20260725,6562,6564,8.578862679910799,0.11142932699999619,13144,13145
residual_mlp,4,1,mlp_02,20260725,6562,6564,9.425614571144756,0.2157463959999859,13144,13145
residual_mlp,4,2,mlp_01,20260725,13126,6564,6.826498829500824,0.22984316299999819,19708,19709
residual_mlp,4,2,mlp_02,20260725,13126,6564,7.0343669012364,0.433309888999986,19708,19709
residual_mlp,4,3,mlp_01,20260725,19690,6564,5.724935652917018,0.33681218800001034,26272,26273
residual_mlp,4,3,mlp_02,20260725,19690,6564,5.703755987919775,0.6443012120000162,26272,26273
