algorithm_id,outer_fold_id,configuration_id,inner_fold_id,inner_train_rows,inner_validation_rows,mae
catboost_mae,1,cat_01,1,5251,5255,5.573081802109682
catboost_mae,1,cat_01,2,10506,5255,5.107881254816957
catboost_mae,1,cat_01,3,15761,5255,4.243936258153093
catboost_mae,1,cat_02,1,5251,5255,5.5434946776492104
catboost_mae,1,cat_02,2,10506,5255,5.070953938254581
catboost_mae,1,cat_02,3,15761,5255,4.1243660668508175
catboost_mae,1,cat_03,1,5251,5255,5.722323814927493
catboost_mae,1,cat_03,2,10506,5255,4.9732541449409915
catboost_mae,1,cat_03,3,15761,5255,4.050370578328657
catboost_mae,1,cat_04,1,5251,5255,5.738884921178243
catboost_mae,1,cat_04,2,10506,5255,5.257374599314132
catboost_mae,1,cat_04,3,15761,5255,4.325449131849163
catboost_mae,2,cat_01,1,5691,5692,5.705908436491812
catboost_mae,2,cat_01,2,11383,5692,4.784363551424321
catboost_mae,2,cat_01,3,17075,5692,4.495412490584038
catboost_mae,2,cat_02,1,5691,5692,5.777971862882018
catboost_mae,2,cat_02,2,11383,5692,4.6586639067214275
catboost_mae,2,cat_02,3,17075,5692,4.50803818897497
catboost_mae,2,cat_03,1,5691,5692,5.694528093956559
catboost_mae,2,cat_03,2,11383,5692,4.629943744009338
catboost_mae,2,cat_03,3,17075,5692,4.377354494521387
catboost_mae,2,cat_04,1,5691,5692,5.71019869365509
catboost_mae,2,cat_04,2,11383,5692,4.904430438581822
catboost_mae,2,cat_04,3,17075,5692,4.711559587374482
catboost_mae,3,cat_01,1,6128,6130,5.3075509888014
catboost_mae,3,cat_01,2,12258,6130,4.871063798196548
catboost_mae,3,cat_01,3,18388,6130,4.390588804114862
catboost_mae,3,cat_02,1,6128,6130,5.38200056294301
catboost_mae,3,cat_02,2,12258,6130,4.784756443353013
catboost_mae,3,cat_02,3,18388,6130,4.371086169692324
catboost_mae,3,cat_03,1,6128,6130,5.509373663359695
catboost_mae,3,cat_03,2,12258,6130,4.699444223670707
catboost_mae,3,cat_03,3,18388,6130,4.236978527437911
catboost_mae,3,cat_04,1,6128,6130,5.538656625352386
catboost_mae,3,cat_04,2,12258,6130,4.963485637459132
catboost_mae,3,cat_04,3,18388,6130,4.524856586404567
catboost_mae,4,cat_01,1,6565,6568,5.341150236219989
catboost_mae,4,cat_01,2,13133,6568,4.7333587319989245
catboost_mae,4,cat_01,3,19701,6568,3.8517561323735694
catboost_mae,4,cat_02,1,6565,6568,5.2265767045294975
catboost_mae,4,cat_02,2,13133,6568,4.694228284488748
catboost_mae,4,cat_02,3,19701,6568,3.8225529275316346
catboost_mae,4,cat_03,1,6565,6568,5.2131872771991095
catboost_mae,4,cat_03,2,13133,6568,4.606793574593988
catboost_mae,4,cat_03,3,19701,6568,3.786667441283566
catboost_mae,4,cat_04,1,6565,6568,5.398511564114379
catboost_mae,4,cat_04,2,13133,6568,4.88102290642919
catboost_mae,4,cat_04,3,19701,6568,4.041030812164698
lightgbm_l1,1,lgbm_01,1,5251,5255,5.870878659733614
lightgbm_l1,1,lgbm_01,2,10506,5255,4.835653345277009
lightgbm_l1,1,lgbm_01,3,15761,5255,3.899612688563163
lightgbm_l1,1,lgbm_02,1,5251,5255,5.505447269467582
lightgbm_l1,1,lgbm_02,2,10506,5255,4.964552361737067
lightgbm_l1,1,lgbm_02,3,15761,5255,3.8945539233807205
lightgbm_l1,1,lgbm_03,1,5251,5255,5.563409644269236
lightgbm_l1,1,lgbm_03,2,10506,5255,4.9101698295515535
lightgbm_l1,1,lgbm_03,3,15761,5255,3.8315388155860193
lightgbm_l1,1,lgbm_04,1,5251,5255,5.783810212977541
lightgbm_l1,1,lgbm_04,2,10506,5255,5.02741154026188
lightgbm_l1,1,lgbm_04,3,15761,5255,4.018157995584003
lightgbm_l1,2,lgbm_01,1,5691,5692,6.2362741080265645
lightgbm_l1,2,lgbm_01,2,11383,5692,4.522215916569219
lightgbm_l1,2,lgbm_01,3,17075,5692,4.205310855283401
lightgbm_l1,2,lgbm_02,1,5691,5692,5.531149267682472
lightgbm_l1,2,lgbm_02,2,11383,5692,4.592957396658968
lightgbm_l1,2,lgbm_02,3,17075,5692,4.227891098654278
lightgbm_l1,2,lgbm_03,1,5691,5692,5.5724711245705745
lightgbm_l1,2,lgbm_03,2,11383,5692,4.5364314682116635
lightgbm_l1,2,lgbm_03,3,17075,5692,4.1471929492278585
lightgbm_l1,2,lgbm_04,1,5691,5692,5.7588284910314345
lightgbm_l1,2,lgbm_04,2,11383,5692,4.780896353834931
lightgbm_l1,2,lgbm_04,3,17075,5692,4.308258658084249
lightgbm_l1,3,lgbm_01,1,6128,6130,5.347032429150773
lightgbm_l1,3,lgbm_01,2,12258,6130,4.558920296920575
lightgbm_l1,3,lgbm_01,3,18388,6130,4.128188803145607
lightgbm_l1,3,lgbm_02,1,6128,6130,5.280077607913518
lightgbm_l1,3,lgbm_02,2,12258,6130,4.627918354923979
lightgbm_l1,3,lgbm_02,3,18388,6130,4.140007400039276
lightgbm_l1,3,lgbm_03,1,6128,6130,5.284302092025919
lightgbm_l1,3,lgbm_03,2,12258,6130,4.603987321459554
lightgbm_l1,3,lgbm_03,3,18388,6130,4.008070070547017
lightgbm_l1,3,lgbm_04,1,6128,6130,5.5258779501599165
lightgbm_l1,3,lgbm_04,2,12258,6130,4.7561331556244175
lightgbm_l1,3,lgbm_04,3,18388,6130,4.247257906927817
lightgbm_l1,4,lgbm_01,1,6565,6568,5.202990558466742
lightgbm_l1,4,lgbm_01,2,13133,6568,4.449717588565676
lightgbm_l1,4,lgbm_01,3,19701,6568,3.6930717769721677
lightgbm_l1,4,lgbm_02,1,6565,6568,5.199674338352389
lightgbm_l1,4,lgbm_02,2,13133,6568,4.545491334427518
lightgbm_l1,4,lgbm_02,3,19701,6568,3.673927117706515
lightgbm_l1,4,lgbm_03,1,6565,6568,5.10206721374409
lightgbm_l1,4,lgbm_03,2,13133,6568,4.449551132425146
lightgbm_l1,4,lgbm_03,3,19701,6568,3.6179851929670828
lightgbm_l1,4,lgbm_04,1,6565,6568,5.40732715346116
lightgbm_l1,4,lgbm_04,2,13133,6568,4.718937093787053
lightgbm_l1,4,lgbm_04,3,19701,6568,3.726085012799865
xgboost_hist,1,xgb_01,1,5251,5255,5.5821876386466425
xgboost_hist,1,xgb_01,2,10506,5255,5.190023365227639
xgboost_hist,1,xgb_01,3,15761,5255,4.306666417235312
xgboost_hist,1,xgb_02,1,5251,5255,5.452367852329868
xgboost_hist,1,xgb_02,2,10506,5255,5.018980867534677
xgboost_hist,1,xgb_02,3,15761,5255,4.02869192732458
xgboost_hist,1,xgb_03,1,5251,5255,5.373651016489423
xgboost_hist,1,xgb_03,2,10506,5255,4.861928413262262
xgboost_hist,1,xgb_03,3,15761,5255,3.888393779700195
xgboost_hist,1,xgb_04,1,5251,5255,5.571593074422922
xgboost_hist,1,xgb_04,2,10506,5255,5.258646775137686
xgboost_hist,1,xgb_04,3,15761,5255,4.356226447030093
xgboost_hist,2,xgb_01,1,5691,5692,5.69424648977549
xgboost_hist,2,xgb_01,2,11383,5692,4.814017506212059
xgboost_hist,2,xgb_01,3,17075,5692,4.5899078019253405
xgboost_hist,2,xgb_02,1,5691,5692,5.539428607149184
xgboost_hist,2,xgb_02,2,11383,5692,4.648602831867993
xgboost_hist,2,xgb_02,3,17075,5692,4.335043821271171
xgboost_hist,2,xgb_03,1,5691,5692,5.483804795765492
xgboost_hist,2,xgb_03,2,11383,5692,4.501030363780214
xgboost_hist,2,xgb_03,3,17075,5692,4.160425931829344
xgboost_hist,2,xgb_04,1,5691,5692,5.672408360069434
xgboost_hist,2,xgb_04,2,11383,5692,4.8802233120931
xgboost_hist,2,xgb_04,3,17075,5692,4.666173389179139
xgboost_hist,3,xgb_01,1,6128,6130,5.451072257948932
xgboost_hist,3,xgb_01,2,12258,6130,4.921613664255251
xgboost_hist,3,xgb_01,3,18388,6130,4.527524488332416
xgboost_hist,3,xgb_02,1,6128,6130,5.431922289142017
xgboost_hist,3,xgb_02,2,12258,6130,4.749436582042576
xgboost_hist,3,xgb_02,3,18388,6130,4.257579918939177
xgboost_hist,3,xgb_03,1,6128,6130,5.370160848872697
xgboost_hist,3,xgb_03,2,12258,6130,4.547143907901708
xgboost_hist,3,xgb_03,3,18388,6130,4.093300760846348
xgboost_hist,3,xgb_04,1,6128,6130,5.537239259464706
xgboost_hist,3,xgb_04,2,12258,6130,4.981281216498495
xgboost_hist,3,xgb_04,3,18388,6130,4.647271604832
xgboost_hist,4,xgb_01,1,6565,6568,5.363745132922836
xgboost_hist,4,xgb_01,2,13133,6568,4.773674414143348
xgboost_hist,4,xgb_01,3,19701,6568,3.9457627999477647
xgboost_hist,4,xgb_02,1,6565,6568,5.217372453728198
xgboost_hist,4,xgb_02,2,13133,6568,4.699559038266195
xgboost_hist,4,xgb_02,3,19701,6568,3.802413107779662
xgboost_hist,4,xgb_03,1,6565,6568,5.174743730851997
xgboost_hist,4,xgb_03,2,13133,6568,4.3877790653727375
xgboost_hist,4,xgb_03,3,19701,6568,3.660908376199174
xgboost_hist,4,xgb_04,1,6565,6568,5.382451325827772
xgboost_hist,4,xgb_04,2,13133,6568,4.918818005413433
xgboost_hist,4,xgb_04,3,19701,6568,4.033296073091451
